"subj","period","start.age","stop.age","death","strength.3","strength.6","rank","af.groupmates","cons.p3","cons.p6","a.st.co3","a.st.co6"
"adel","p2",4644,5009,0,3.9173044392734,2.51343398768634,0.866666666666667,16,0.333333333333333,0.5,"1","1"
"adel","p3",5010,5374,0,3.60316545552792,2.59988017020266,0.625,9,0.666666666666667,0.833333333333333,"2","2"
"adel","p4",5383,5739,0,6.62398865117314,3.68681554562365,0.666666666666667,10,0.333333333333333,0.5,"1","1"
"adel","p5",5740,5801,1,2.20713345584577,1.24156366249719,0.818181818181818,10,0.666666666666667,0.666666666666667,"2","1"
"agne","p2",3673,4038,0,9.18436749385299,5.30190557032715,0.6,16,0.666666666666667,0.5,"4","3"
"agne","p3",4039,4403,0,2.21779923927828,1.35388536022533,0.25,9,0.333333333333333,0.666666666666667,"1","1"
"agne","p4",4412,4768,0,9.39504296568232,6.98816886525121,0.222222222222222,10,0.666666666666667,0.5,"4","3"
"agne","p5",4769,5133,0,6.50123207724851,4.26531625590861,0.318181818181818,10,0.333333333333333,0.833333333333333,"1","2"
"agne","p6",5134,5499,0,11.4987180816276,7.34139555702694,0.5,13,0.666666666666667,0.5,"4","3"
"agne","p7",5500,5864,0,12.6818428638938,9.54013522715736,0.583333333333333,13,0.666666666666667,0.833333333333333,"4","4"
"agne","p8",5865,6229,0,8.78999828032651,6.00662716727887,0.6,11,0.666666666666667,0.833333333333333,"4","4"
"agro","p7",2463,2827,0,6.14845289730596,4.70126058456141,0.5,13,0,0.333333333333333,"1","1"
"agro","p8",2828,3192,0,6.2316030255312,4.61965299743754,0.4,11,0.333333333333333,0.666666666666667,"1","1"
"ambe","p2",4554,4919,0,7.63597096321954,5.15521033535889,0.5,7,1,1,"4","4"
"ambe","p3",4920,5284,0,4.66570720341056,3.115300840143,0.4,6,0.333333333333333,1,"1","2"
"ambe","p4",5293,5649,0,29.6018038426026,15.759041280813,0.666666666666667,7,0.333333333333333,0.666666666666667,"3","3"
"ambe","p5",5650,6014,0,9.50478634184835,6.26723319614577,0.8,6,0.666666666666667,0.8,"4","4"
"ambe","p6",6015,6380,0,8.37598817367779,4.88634083441718,0.666666666666667,7,1,0.833333333333333,"4","2"
"ambe","p7",6381,6745,0,4.71970036482492,3.07558898002651,0.5,9,0.666666666666667,0.666666666666667,"2","1"
"ambe","p8",6746,7110,0,5.24580373836509,3.30544509597795,0.555555555555556,10,1,1,"2","2"
"andy","p7",2719,3083,0,6.72495714033714,5.0601586670403,1,12,0.666666666666667,0.5,"2","1"
"andy","p8",3084,3448,0,8.5872527320416,6.16831414712127,1,13,1,1,"4","4"
"ange","p6",2748,3113,0,13.0990809955702,8.54728023593149,0.166666666666667,13,0.333333333333333,0.5,"3","3"
"ange","p7",3114,3478,0,11.341003402909,7.37450407132285,0.166666666666667,13,0.666666666666667,0.833333333333333,"4","4"
"ange","p8",3479,3843,0,7.59416336397009,5.10057006265326,0.1,11,0.333333333333333,0.833333333333333,"3","2"
"angl","p2",7535,7900,0,4.77956706057391,2.68231186630771,0.733333333333333,16,0.333333333333333,0.666666666666667,"1","1"
"angl","p3",7901,8265,0,2.32648592978723,1.71100914987042,0.375,5,0.666666666666667,0.5,"2","1"
"angl","p4",8274,8630,0,8.70455032448317,6.52841274336238,1,4,0.333333333333333,0.25,"3","3"
"angl","p5",8631,8812,1,3.6756484519918,2.04081279724302,1,4,1,0.666666666666667,"2","1"
"anni","p2",7141,7506,0,7.39246381296422,4.75370789643562,0.666666666666667,7,0.666666666666667,1,"4","2"
"anni","p3",7507,7622,1,3.06645676627892,2.06596304832089,0.6,6,1,1,"2","2"
"ardm","p8",3917,4281,0,2.56371702466089,1.97622911403063,0.285714285714286,22,0.666666666666667,0.666666666666667,"2","1"
"arte","p3",3148,3512,0,7.20219412554896,5.22048028150403,0.65625,17,0.333333333333333,0.5,"3","3"
"arte","p4",3521,3877,0,7.64100412267366,5.64297900969719,0.6875,17,0.666666666666667,0.5,"4","3"
"arte","p5",3878,4242,0,3.75630532489686,3.20907098808526,0.625,17,0.333333333333333,0.666666666666667,"1","1"
"arte","p6",4243,4435,1,8.10168739150628,5.36465224711319,0.5,19,0,0.5,"3","3"
"asha","p7",2414,2778,0,8.02643211746639,5.48054500031534,0.625,9,0,0.666666666666667,"3","3"
"asha","p8",2779,3143,0,5.94074957315908,5.05754185505421,0.666666666666667,10,0.333333333333333,0.833333333333333,"1","2"
"bans","p7",3560,3924,0,5.06789299755776,3.78546130559271,0.684210526315789,20,0.333333333333333,0.666666666666667,"1","1"
"bans","p8",3925,4289,0,10.3077527837297,7.79937564571608,0.761904761904762,22,0.333333333333333,0.5,"3","3"
"bb","p2",7535,7900,0,14.3492869143691,8.14591674600643,0.133333333333333,16,0.666666666666667,0.5,"4","3"
"bb","p3",7901,8265,0,12.4787645952472,9.87114278900379,0.25,9,1,0.75,"4","4"
"bb","p4",8274,8630,0,14.1859198317737,14.1859198317737,0.666666666666667,5,0.666666666666667,1,"4","4"
"bb","p5",8631,8995,0,10.8296370157422,10.8296370157422,0.666666666666667,8,1,1,"4","4"
"bb","p6",8996,9238,1,18.313313646821,18.313313646821,0.5,9,1,1,"4","4"
"bif","p2",5355,5720,0,6.77290443524904,4.53570786706373,0.125,17,0,0.333333333333333,"1","1"
"bif","p3",5721,6085,0,2.8660097419466,2.36802435451874,0.125,17,0.666666666666667,0.833333333333333,"2","2"
"bif","p4",6094,6450,0,9.13243296932462,5.98714475362161,0.15625,17,0.333333333333333,0.666666666666667,"3","3"
"bif","p5",6451,6815,0,4.85798908800441,3.66844020626386,0.1875,17,0.333333333333333,0.666666666666667,"1","1"
"bif","p6",6816,7181,0,9.57739208284944,6.96294952303662,0.222222222222222,19,0.666666666666667,0.833333333333333,"4","4"
"bif","p7",7182,7546,0,5.63456218194198,4.02027694145102,0.315789473684211,20,0.333333333333333,0.666666666666667,"1","1"
"bif","p8",7547,7911,0,5.33177396453478,4.04131208067028,0.238095238095238,22,0.333333333333333,0.5,"1","1"
"bill","p2",3542,3907,0,4.20181973796466,3.12196930451806,0.375,17,0.333333333333333,0.666666666666667,"1","1"
"bill","p3",3908,4272,0,4.47471424392446,3.28441739126083,0.25,17,0.333333333333333,0.666666666666667,"1","1"
"bill","p4",4281,4637,0,6.48864182955613,4.44626664461088,0.15625,17,0.333333333333333,0.666666666666667,"1","1"
"bill","p5",4638,5002,0,3.42249691913116,2.99767280735747,0.5625,17,0,0.833333333333333,"1","2"
"bill","p6",5003,5368,0,4.28056909038807,2.9708420391261,0.333333333333333,19,1,1,"2","2"
"bill","p7",5369,5733,0,4.31432711651005,3.19521799986583,0.368421052631579,20,0.666666666666667,0.5,"2","1"
"bill","p8",5734,6098,0,8.41046732430097,6.08916673986731,0.380952380952381,22,0,0.666666666666667,"3","3"
"blaz","p2",4964,5329,0,5.94951486691338,5.32575942633146,0.5625,17,0,0.166666666666667,"1","3"
"blaz","p3",5330,5694,0,6.56109412928298,4.23848131790731,0.5625,17,0.333333333333333,1,"1","2"
"blaz","p4",5703,6059,0,14.7468793496406,9.14464891033392,0.5,17,0.666666666666667,0.666666666666667,"4","3"
"blaz","p5",6060,6424,0,4.4999817524332,3.26942601424533,0.125,17,0.333333333333333,0.333333333333333,"1","1"
"blaz","p6",6425,6790,0,4.05144895738224,2.7473631234527,0.111111111111111,19,1,1,"2","2"
"blaz","p7",6791,7155,0,4.18908631503269,2.90940325424983,0.105263157894737,20,0.333333333333333,0.5,"1","1"
"blaz","p8",7156,7520,0,4.41884395564079,3.34685996728704,0.0476190476190476,22,0.666666666666667,0.666666666666667,"2","1"
"bond","p7",2395,2759,0,8.90011814307696,6.16136986975835,0.666666666666667,13,0.333333333333333,0.666666666666667,"3","3"
"bond","p8",2760,3124,0,3.90232757698703,2.50223851419468,0.8,11,0.666666666666667,0.833333333333333,"2","2"
"bonn","p2",2851,3216,0,6.32467260027784,4.82096681564775,0.75,17,0,0.666666666666667,"1","1"
"bonn","p3",3217,3581,0,4.10564870305719,2.56147251521201,0.75,17,0.333333333333333,0.666666666666667,"1","1"
"bonn","p4",3590,3946,0,5.48405620075354,4.08190359059622,0.875,17,0.666666666666667,0.833333333333333,"2","2"
"bonn","p5",3947,4311,0,5.24841965039503,3.70712297292931,0.6875,17,0.333333333333333,0.833333333333333,"1","2"
"bonn","p6",4312,4677,0,7.33261059650039,5.75188239809013,0.666666666666667,19,0.333333333333333,0.666666666666667,"3","3"
"bonn","p7",4678,5042,0,4.26861368983778,3.09969540271801,0.736842105263158,20,0,0.333333333333333,"1","1"
"bonn","p8",5043,5407,0,4.70498488948866,3.84359203743785,0.714285714285714,22,0.333333333333333,0.5,"1","1"
"bow","p2",5649,6014,0,6.4635750239221,4.77536434854213,0.8125,17,0.666666666666667,0.5,"2","1"
"bow","p3",6015,6379,0,5.72991359754153,5.26246533331651,0.8125,17,0.333333333333333,0.5,"1","3"
"bow","p4",6388,6744,0,8.12619382955951,6.23669382817883,0.75,17,0.666666666666667,0.833333333333333,"4","4"
"bow","p5",6745,7109,0,4.22435041961313,3.43129592756927,0.75,17,0.333333333333333,0.5,"1","1"
"bow","p6",7110,7475,0,9.50387282932849,7.16719203234898,0.777777777777778,19,0.333333333333333,0.666666666666667,"3","3"
"bow","p7",7476,7840,0,4.45146216193498,3.12147641969277,0.789473684210526,20,0.333333333333333,0.666666666666667,"1","1"
"bow","p8",7841,8205,0,10.8883111683276,6.59131249712421,0.857142857142857,22,0.666666666666667,0.5,"4","3"
"buai","p7",3148,3512,0,4.77601820916395,3.4625924846333,0.157894736842105,20,0.333333333333333,0.5,"1","1"
"buai","p8",3513,3877,0,4.4834273957192,3.41818812259614,0.19047619047619,22,1,0.666666666666667,"2","1"
"buzz","p8",2797,3161,0,7.93630497664536,7.93630497664536,0.5,3,1,1,"4","4"
"ci","p2",4585,4950,0,4.6236950455682,2.89229067447184,0.666666666666667,16,0.333333333333333,0.666666666666667,"1","1"
"ci","p3",4951,5315,0,2.28674598829161,1.35459171782876,0.125,9,0.333333333333333,0.833333333333333,"1","2"
"ci","p4",5324,5680,0,21.6388412550444,12.7273794725947,0.333333333333333,10,0,0.333333333333333,"3","3"
"ci","p5",5681,6045,0,10.9257882314815,5.90054918620016,0.454545454545455,10,0.333333333333333,0.833333333333333,"3","4"
"ci","p6",6046,6411,0,10.7214087180011,7.14129753294713,0.583333333333333,13,0.333333333333333,0.5,"3","3"
"ci","p7",6412,6776,0,2.94157542907519,2.63862567051221,0.416666666666667,13,0.333333333333333,0.666666666666667,"1","1"
"ci","p8",6777,7141,0,7.85806189277905,4.71309207873307,0.5,11,0.666666666666667,0.833333333333333,"4","2"
"crab","p5",3503,3867,0,3.0771991779654,2.08620733130288,0,10,0.333333333333333,0.666666666666667,"1","1"
"crab","p6",3868,4233,0,9.32431175035279,6.34510360045187,0,13,0.333333333333333,0.833333333333333,"3","4"
"crab","p7",4234,4598,0,4.56338495584709,3.40724465120144,0,13,0.333333333333333,0.333333333333333,"1","1"
"crab","p8",4599,4963,0,4.75816209126602,3.26960972267225,0,11,0.666666666666667,0.833333333333333,"2","2"
"cybi","p5",3050,3414,0,7.9938839625463,4.58825392648239,0.318181818181818,10,0.666666666666667,0.5,"4","1"
"cybi","p6",3415,3780,0,8.71431672276281,5.59821376959937,0.333333333333333,13,0.666666666666667,0.666666666666667,"4","3"
"cybi","p7",3781,4145,0,7.64691547988967,5.06926140085495,0.333333333333333,13,0.666666666666667,0.666666666666667,"4","1"
"cybi","p8",4146,4510,0,8.82592246042398,5.56659504960079,0.3,11,0.333333333333333,1,"3","4"
"daff","p3",3234,3598,0,7.10483656730373,4.98208128128772,0.0769230769230769,14,0.333333333333333,0.333333333333333,"1","1"
"daff","p4",3607,3963,0,14.690656780568,9.87962552431699,0.0666666666666667,16,0.666666666666667,0.666666666666667,"4","3"
"daff","p5",3964,4328,0,9.66113941483829,5.60671169801664,0.0333333333333333,16,0.666666666666667,0.666666666666667,"4","3"
"daff","p6",4329,4694,0,6.7107929714471,4.8559618145695,0.0769230769230769,14,0.333333333333333,0.666666666666667,"1","1"
"daff","p7",4695,5059,0,2.62360019718962,1.82551439342681,0,13,0.666666666666667,1,"2","2"
"daff","p8",5060,5424,0,3.11169038357632,2.50328598792937,0.117647058823529,17,0.333333333333333,0.5,"1","1"
"desd","p3",2857,3221,0,3.32006065205466,2.62517122815465,0.230769230769231,14,0.333333333333333,0.333333333333333,"1","1"
"desd","p4",3230,3586,0,7.57155258144802,5.45384927988398,0.2,16,0.333333333333333,0.5,"3","3"
"desd","p5",3587,3951,0,8.60410998145157,5.42315744645663,0.2,16,0.333333333333333,0.666666666666667,"3","3"
"desd","p6",3952,4317,0,3.85853714448848,2.55785737411976,0.230769230769231,14,0.666666666666667,0.833333333333333,"2","2"
"desd","p7",4318,4682,0,1.79781025514337,1.1310618707811,0.25,13,0.666666666666667,0.666666666666667,"2","1"
"desd","p8",4683,5047,0,2.83883485121203,2.23143154073126,0.235294117647059,17,0.333333333333333,0.666666666666667,"1","1"
"diam","p2",4418,4783,0,7.9399491633635,5.45068433200622,0.833333333333333,7,0.333333333333333,1,"3","4"
"diam","p3",4784,5148,0,3.23230523050411,2.36755342422542,0.8,6,0.666666666666667,1,"2","2"
"diam","p4",5157,5404,1,9.81892026000576,5.02497737149666,1,7,0.333333333333333,0.666666666666667,"3","1"
"didg","p2",3558,3923,0,10.277871366846,6.51030259565126,1,7,0.666666666666667,1,"4","4"
"didg","p3",3924,4288,0,6.23055118383008,4.09207894008534,1,6,0.666666666666667,1,"2","2"
"didg","p4",4297,4653,0,22.1470274096638,13.8600408478969,0.833333333333333,7,0.333333333333333,0.666666666666667,"3","3"
"didg","p5",4654,5018,0,9.36998214923324,6.79842082586906,1,6,1,0.8,"4","4"
"didg","p6",5019,5384,0,5.4795661353092,4.07130553593323,1,7,0.666666666666667,0.833333333333333,"2","2"
"didg","p7",5385,5749,0,6.80715428783569,4.93145072348703,1,9,0.333333333333333,0.666666666666667,"1","1"
"didg","p8",5750,6114,0,6.30390438840226,5.84108995945601,1,10,0.666666666666667,0.833333333333333,"2","4"
"dina","p5",3464,3828,0,3.84294311524429,2.81696131583318,0.545454545454545,10,0.666666666666667,0.666666666666667,"2","1"
"dina","p6",3829,4194,0,7.4990022139941,5.11411048841489,0.75,13,1,0.5,"4","1"
"dina","p7",4195,4559,0,6.52477978395732,5.1421945271421,0.833333333333333,13,0,0.666666666666667,"1","3"
"dina","p8",4560,4924,0,3.25028482423158,2.47004481466748,0.9,11,0.666666666666667,0.833333333333333,"2","2"
"ding","p2",6439,6804,0,8.1992131506574,5.48732149745272,0.0714285714285714,15,0,0.5,"3","3"
"ding","p3",6805,7169,0,5.07099071226131,3.29264133047326,0.153846153846154,14,0.666666666666667,0.833333333333333,"2","2"
"ding","p4",7178,7534,0,14.5034617931487,8.40969148603386,0.133333333333333,16,0.333333333333333,0.333333333333333,"3","3"
"ding","p5",7535,7899,0,10.3115452470612,5.86390263624081,0.0333333333333333,16,1,0.833333333333333,"4","4"
"ding","p6",7900,8265,0,12.6245766106575,7.13777688394624,0.153846153846154,14,1,0.833333333333333,"4","4"
"ding","p7",8266,8630,0,4.37945030834119,2.721018829449,0.166666666666667,13,1,0.666666666666667,"2","1"
"ding","p8",8631,8995,0,5.14902387183707,3.19000537848353,0,17,0.333333333333333,0.666666666666667,"1","1"
"dixi","p2",3913,4278,0,12.0526969102782,9.02458014405528,0.9375,17,0.666666666666667,0.666666666666667,"4","3"
"dixi","p3",4279,4643,0,6.42034272954042,4.82683171699804,0.9375,17,0.333333333333333,0.666666666666667,"1","1"
"dixi","p4",4652,5008,0,8.90388899447548,5.17881536840041,0.9375,17,1,0.833333333333333,"4","4"
"dixi","p5",5009,5373,0,4.74915587866942,3.39308720247887,0.9375,17,1,0.666666666666667,"2","1"
"dixi","p6",5374,5739,0,4.33459653513088,3.47570612026521,0.944444444444444,19,0.666666666666667,0.666666666666667,"2","1"
"dixi","p7",5740,6104,0,5.02478216910347,3.69953166548486,0.947368421052632,20,0.333333333333333,0.666666666666667,"1","1"
"dixi","p8",6105,6469,0,5.21907975173313,3.44494022336572,0.952380952380952,22,1,0.833333333333333,"2","2"
"dj","p2",3111,3476,0,5.69726678574095,3.75383649987089,0.714285714285714,15,0.333333333333333,0.666666666666667,"1","1"
"dj","p3",3477,3841,0,5.90986987343224,4.06162166625829,0.807692307692308,14,0.333333333333333,0.5,"1","1"
"dj","p4",3850,4206,0,6.71591185510262,4.36743158515246,0.8,16,0.333333333333333,0.333333333333333,"1","1"
"dj","p5",4207,4571,0,3.4054545443261,2.45850501621746,0.733333333333333,16,0.666666666666667,0.666666666666667,"2","1"
"dj","p6",4572,4937,0,3.88839117295289,3.0415441533408,0.769230769230769,14,0.333333333333333,0.666666666666667,"1","1"
"dj","p7",4938,5302,0,3.32498360638594,2.37919389279983,0.75,13,0.666666666666667,0.666666666666667,"2","1"
"dj","p8",5303,5667,0,3.72362757553975,2.93410923829227,0.617647058823529,17,0.333333333333333,0.666666666666667,"1","1"
"elle","p2",3580,3945,0,3.00064776915637,2.7461395036551,0.0625,17,0,0.333333333333333,"1","1"
"elle","p3",3946,4310,0,2.22668650097036,1.90709323662916,0.0625,17,0,0.833333333333333,"1","2"
"elle","p4",4319,4675,0,3.66442783354376,2.64567942681229,0.0625,17,0,0.5,"1","1"
"elle","p5",4676,5040,0,5.12845766901715,3.74486752174804,0,17,0.333333333333333,0.666666666666667,"1","1"
"elle","p6",5041,5406,0,4.46623597844581,3.32071779680829,0.0555555555555556,19,0.666666666666667,0.666666666666667,"2","1"
"elle","p7",5407,5771,0,2.50818418094266,1.9352645410735,0.0526315789473684,20,0.333333333333333,0.333333333333333,"1","1"
"elle","p8",5772,6136,0,3.8708951318378,2.80604648905465,0.142857142857143,22,0.666666666666667,0.833333333333333,"2","2"
"flat","p5",3894,4258,0,4.37512289868408,2.60492725509256,0.888888888888889,8,0.666666666666667,0.666666666666667,"2","1"
"flat","p6",4259,4624,0,7.67115567129153,4.63046836999502,0.875,9,0.333333333333333,0.666666666666667,"3","1"
"flat","p7",4625,4989,0,6.68932193638884,4.5665470324893,0.909090909090909,12,0.666666666666667,0.666666666666667,"2","1"
"flat","p8",4990,5354,0,7.40268723329655,4.69771941884821,0.916666666666667,13,0.666666666666667,0.833333333333333,"4","2"
"flet","p2",7184,7549,0,7.98137149661711,5.51483340437426,0.625,17,0.666666666666667,0.333333333333333,"4","3"
"flet","p3",7550,7914,0,3.55766873078127,2.43416702535194,0.65625,17,0.666666666666667,1,"2","2"
"flet","p4",7923,8306,1,7.99144099365384,4.83471989501355,0.625,17,0.666666666666667,0.666666666666667,"4","1"
"gaun","p2",7184,7549,0,5.72711704538262,4.08522898813011,0.3125,17,0.333333333333333,0.666666666666667,"1","1"
"gaun","p3",7550,7914,0,4.98976393336,3.69070072142444,0.375,17,0.333333333333333,0.5,"1","1"
"gaun","p4",7923,8279,0,5.57825359294158,4.03748245315933,0.3125,17,0.333333333333333,0.666666666666667,"1","1"
"gaun","p5",8280,8644,0,5.04443511517066,3.83640746209548,0.5,17,0.333333333333333,0.833333333333333,"1","2"
"gaun","p6",8645,8849,1,6.33104872488487,4.53373992900392,0.444444444444444,19,0,0.333333333333333,"1","1"
"geor","p7",4098,4462,0,6.69865898497165,5.28785371248208,0.727272727272727,12,0.666666666666667,0.666666666666667,"2","3"
"geor","p8",4463,4827,0,5.07665968077205,4.07672640187787,0.75,13,0.666666666666667,1,"2","2"
"gigi","p2",4978,5343,0,9.99854918521286,7.71095281295259,0.466666666666667,16,1,0.833333333333333,"4","4"
"gigi","p3",5344,5708,0,11.2809785932086,8.97280328747478,1,9,0.333333333333333,0.5,"3","3"
"gigi","p4",5717,6073,0,15.6054531100516,15.6054531100516,0.333333333333333,5,0.666666666666667,1,"4","4"
"gigi","p5",6074,6438,0,7.18795873094614,7.18795873094614,0,8,1,1,"4","4"
"gigi","p6",6439,6804,0,8.53165081998293,8.53165081998293,0,9,1,1,"4","4"
"gigi","p7",6805,7169,0,7.98991494785381,7.98991494785381,0,12,0.5,0.5,"3","3"
"gigi","p8",7170,7534,0,4.6243688125689,4.6243688125689,0,13,1,1,"2","2"
"gumm","p8",2771,3135,0,6.70043226190843,5.49880249166621,0.476190476190476,22,0,0.166666666666667,"1","3"
"hano","p8",2422,2786,0,6.53550362081359,4.2992739656022,0.25,13,0.666666666666667,0.666666666666667,"2","1"
"hoba","p6",3336,3701,0,9.34111715267908,6.38098520682321,0.125,9,0.333333333333333,0.5,"3","3"
"hoba","p7",3702,4066,0,7.63955864297541,5.06475839927083,0.272727272727273,12,0.333333333333333,0.666666666666667,"3","1"
"hoba","p8",4067,4431,0,8.13451268871156,5.87113616866994,0.333333333333333,13,0.666666666666667,0.666666666666667,"4","3"
"hong","p6",3336,3701,0,10.7019246391667,7.15785595861243,0,9,0.666666666666667,0.666666666666667,"4","3"
"hong","p7",3702,4066,0,10.3530560258419,6.69199511708796,0.181818181818182,12,0.666666666666667,0.666666666666667,"4","3"
"hong","p8",4067,4431,0,8.00517884379544,5.88696550653063,0.166666666666667,13,1,0.666666666666667,"4","3"
"jig","p2",4978,5343,0,5.69489504707581,3.40414894783964,0.933333333333333,16,0.666666666666667,0.666666666666667,"2","1"
"jig","p3",5344,5708,0,6.6913036397291,3.57645566122044,0.9375,9,0.666666666666667,0.666666666666667,"2","1"
"jig","p4",5717,6073,0,7.64410330570434,4.4749619964419,1,10,0.666666666666667,0.666666666666667,"4","1"
"jig","p5",6074,6438,0,3.35107240517086,2.17431513067061,1,10,0.333333333333333,0.666666666666667,"1","1"
"jig","p6",6439,6804,0,2.80862173701768,1.91011252597653,1,13,0.333333333333333,0.666666666666667,"1","1"
"jig","p7",6805,6926,1,2.43898368110377,1.58549637115217,1,13,0.666666666666667,0.666666666666667,"2","1"
"jua2","p7",2788,3062,1,8.45504383901656,5.89422539385888,0.25,13,0,0.333333333333333,"3","3"
"kami","p3",3088,3452,0,8.67148230861602,7.21034609401625,0.5,17,0,0.5,"3","3"
"kami","p4",3461,3817,0,14.789844053069,8.90017819599788,0.5625,17,0.666666666666667,0.5,"4","3"
"kami","p5",3818,4182,0,7.47316431692145,6.02252139881116,0.4375,17,0.333333333333333,0.5,"3","3"
"kami","p6",4183,4548,0,7.5827015988817,6.16120403706153,0.611111111111111,19,0.333333333333333,0.666666666666667,"3","3"
"kami","p7",4549,4913,0,4.92406333640328,4.21594318225014,0.631578947368421,20,0,0.5,"1","1"
"kami","p8",4914,5278,0,6.77009979407066,5.13616775713844,0.619047619047619,22,0.333333333333333,0.5,"1","3"
"kati","p8",3516,3880,0,6.79212725988509,5.06327140681151,0.571428571428571,22,0.333333333333333,0.5,"1","1"
"kayl","p5",2774,3138,0,12.6822666386726,11.0455789977175,0.6,6,0.333333333333333,0.8,"3","4"
"kayl","p6",3139,3504,0,12.5797200764747,9.48422290557473,0.5,7,0.666666666666667,0.833333333333333,"4","4"
"kayl","p7",3505,3869,0,9.69294372519591,7.02953405144666,0.375,9,0.666666666666667,0.666666666666667,"4","3"
"kayl","p8",3870,4234,0,9.66081630315498,7.62126616373744,0.333333333333333,10,0.666666666666667,0.833333333333333,"4","4"
"kipp","p2",3501,3866,0,6.2547046640109,4.08991417576215,0.333333333333333,7,0.333333333333333,1,"1","2"
"kipp","p3",3867,4231,0,2.69673180004755,1.89766995769324,0.2,6,1,1,"2","2"
"kipp","p4",4240,4596,0,22.0812240424726,12.526645040177,0.333333333333333,7,0.333333333333333,0.666666666666667,"3","3"
"kipp","p5",4597,4961,0,4.90115103517802,3.32452794353083,0.4,6,1,0.8,"2","2"
"kipp","p6",4962,5327,0,8.25890232884241,4.83012448359383,0.333333333333333,7,0.333333333333333,0.833333333333333,"3","2"
"kipp","p7",5328,5692,0,3.21973526517904,2.57797242271327,0.25,9,0.666666666666667,0.666666666666667,"2","1"
"kipp","p8",5693,6057,0,5.59179158794206,4.82638361969963,0.444444444444444,10,0.666666666666667,0.833333333333333,"2","2"
"kitt","p2",8631,8996,0,7.05191674508917,4.86099668038841,0.0833333333333333,7,0.666666666666667,1,"2","2"
"kitt","p3",8997,9361,0,3.57053732577,2.39921401844813,0,6,0.333333333333333,1,"1","2"
"kitt","p4",9370,9579,1,5.09578678484822,3.0368504810709,0.166666666666667,7,0.333333333333333,0.666666666666667,"1","1"
"kk","p2",4279,4644,0,3.51508559441324,2.81465414490119,0,17,0.333333333333333,0.5,"1","1"
"kk","p3",4645,5009,0,7.02316504546494,4.85497537575989,0,17,0.333333333333333,0.833333333333333,"1","2"
"kk","p4",5018,5374,0,5.50048297202136,4.41426592831354,0,17,0,0.5,"1","1"
"kk","p5",5375,5739,0,4.97737782879386,3.66645921441149,0.0625,17,0,0.666666666666667,"1","1"
"kk","p6",5740,6105,0,4.88341766948745,4.2939323591156,0,19,0.333333333333333,0.833333333333333,"1","2"
"kk","p7",6106,6470,0,4.36083345539452,3.39811667885825,0,20,0.333333333333333,0.5,"1","1"
"kk","p8",6471,6835,0,4.46281848147832,3.60254506412021,0,22,0.333333333333333,0.5,"1","1"
"kolv","p8",4199,4563,0,4.79678241126143,3.64695681780318,0.523809523809524,22,0.333333333333333,0.5,"1","1"
"lala","p7",2844,3208,0,6.4793247266194,4.70817845792434,0.0833333333333333,13,0,0.5,"1","1"
"lala","p8",3209,3573,0,6.0780352178589,4.67457348522663,0.2,11,0.333333333333333,0.833333333333333,"1","2"
"lily","p2",7170,7523,1,8.66071451845548,5.29844860477969,0.533333333333333,16,0.333333333333333,0.666666666666667,"3","3"
"lobs","p6",3517,3882,0,15.4473249448007,8.38966821809563,0.5,9,0.666666666666667,0.666666666666667,"4","3"
"lobs","p7",3883,4247,0,10.370097026666,6.41461280559049,0.545454545454545,12,1,0.666666666666667,"4","3"
"lobs","p8",4248,4612,0,8.55424403130251,5.24707844060165,0.583333333333333,13,0.666666666666667,0.666666666666667,"4","3"
"lond","p2",2878,3243,0,11.5361474119721,7.31176952437362,0.2,16,0.333333333333333,0.833333333333333,"3","4"
"lond","p3",3244,3608,0,1.55610815835298,0.909826998508047,0,9,0,0,"1","1"
"lond","p4",3617,3973,0,12.1041992784866,9.79792736596228,0.125,5,0,0.25,"3","3"
"lond","p5",3974,4338,0,8.3855731310421,4.69080078482734,0.444444444444444,8,0.333333333333333,0.5,"3","1"
"lond","p6",4339,4704,0,17.7851723108315,11.9819985429585,0.625,9,0.666666666666667,0.666666666666667,"4","3"
"lond","p7",4705,5069,0,8.98491210616868,6.14048082583912,0.636363636363636,12,0.333333333333333,0.833333333333333,"3","4"
"lond","p8",5070,5434,0,9.57292300581742,5.97863296982911,0.666666666666667,13,1,1,"4","4"
"lucy","p2",3639,3767,1,9.39447376297136,6.22251843522725,0.266666666666667,16,0.333333333333333,0.833333333333333,"3","4"
"merl","p5",2799,3163,0,5.95647111205034,3.71366273486055,0.866666666666667,16,0.333333333333333,0.166666666666667,"1","1"
"merl","p6",3164,3529,0,5.66444405096963,4.24209248669386,0.923076923076923,14,1,1,"2","2"
"merl","p7",3530,3894,0,4.40204815548669,3.00728569860947,0.833333333333333,13,0.666666666666667,0.5,"2","1"
"merl","p8",3895,4259,0,5.73109613593086,4.51004875145702,0.617647058823529,17,0.333333333333333,0.5,"1","1"
"mush","p4",2416,2772,0,7.11161680392866,4.41033956392281,0.777777777777778,10,0.666666666666667,0.5,"2","1"
"mush","p5",2773,3137,0,3.96872796349169,2.25024357505946,0.727272727272727,10,0.333333333333333,0.666666666666667,"1","1"
"mush","p6",3138,3503,0,3.31443410504249,2.21627754534528,0.833333333333333,13,0.666666666666667,0.666666666666667,"2","1"
"mush","p7",3504,3868,0,4.93624757290507,4.23318431486389,0.916666666666667,13,0.333333333333333,0.833333333333333,"1","2"
"mush","p8",3869,4233,0,1.92460546703496,1.45780116105958,1,11,1,0.666666666666667,"2","1"
"ns","p2",5343,5708,0,11.2073590496677,7.70762443376875,0,16,0,0.5,"3","3"
"ns","p3",5709,6073,0,7.86374926953542,6.01349567769882,0,5,0.666666666666667,1,"4","4"
"ns","p4",6082,6438,0,15.2035440173227,15.2035440173227,0,4,1,1,"4","4"
"ns","p5",6439,6570,1,6.0940529211527,6.0940529211527,0.333333333333333,4,1,1,"2","4"
"oo7","p2",3678,4043,0,5.60724589642243,4.24851712326626,0.8,16,0.666666666666667,0.5,"2","1"
"oo7","p3",4044,4408,0,2.25698386486155,1.53069043297498,0.5,9,0.333333333333333,0.5,"1","1"
"oo7","p4",4417,4773,0,6.28825483479249,3.31091639070477,0.444444444444444,5,0.333333333333333,0.666666666666667,"1","1"
"oo7","p5",4774,5138,0,3.95263880615814,2.85354352003918,0.636363636363636,8,0.666666666666667,0.666666666666667,"2","1"
"oo7","p6",5139,5504,0,8.098070648378,4.93782985938625,0.916666666666667,9,0,0.666666666666667,"3","1"
"oo7","p7",5505,5869,0,8.96806093423346,6.1838158277423,0.75,12,0.666666666666667,0.666666666666667,"4","3"
"oo7","p8",5870,6234,0,4.49503598339721,2.9952864917008,0.7,13,0.666666666666667,1,"2","2"
"opal","p8",3849,4213,0,10.0563861962645,7.08655489904493,0.833333333333333,10,0.666666666666667,0.833333333333333,"4","4"
"pans","p2",3701,4066,0,6.31098596487235,4.26498580782194,0.1875,17,0,0.5,"1","1"
"pans","p3",4067,4431,0,3.04704182270755,2.20901050648938,0.1875,17,0.666666666666667,0.833333333333333,"2","2"
"pans","p4",4440,4796,0,3.40618758962542,3.14158219283613,0.25,17,0.333333333333333,0.333333333333333,"1","1"
"pans","p5",4797,5161,0,5.69607637712518,4.44036434761243,0.375,17,0.333333333333333,0.5,"1","1"
"pans","p6",5162,5527,0,7.56847853805213,5.54434173436479,0.277777777777778,19,0,0.666666666666667,"3","3"
"pans","p7",5528,5892,0,4.34606049346434,3.42427434111567,0.263157894736842,20,0.333333333333333,0.833333333333333,"1","2"
"pans","p8",5893,6257,0,3.63099387492734,2.71618748735867,0.0952380952380952,22,1,0.666666666666667,"2","1"
"park","p5",2772,3136,0,8.99946411853595,6.55745911603813,0,17,0.666666666666667,0.8,"4","4"
"park","p6",3137,3502,0,7.43372789732225,5.02295785013055,0,19,0.666666666666667,0.833333333333333,"4","2"
"park","p7",3503,3867,0,7.35865724740735,5.16159948584145,0,20,0.666666666666667,0.666666666666667,"4","3"
"park","p8",3868,4232,0,4.72958518804277,3.67993036276574,0.111111111111111,22,0.666666666666667,1,"2","2"
"peab","p5",3125,3489,0,8.17333660205421,5.66232375596087,0.133333333333333,16,0.333333333333333,0.333333333333333,"3","3"
"peab","p6",3490,3855,0,10.9731780362236,7.01746838057678,0,14,0.333333333333333,1,"3","4"
"peab","p7",3856,4253,1,3.66240831384724,2.5928681239768,0.0833333333333333,13,0.666666666666667,0.666666666666667,"2","1"
"peta","p2",7900,7975,1,7.06090221969654,3.91128729864912,0.0833333333333333,7,0.333333333333333,1,"1","2"
"pinc","p2",6439,6804,0,9.13363826341955,5.98127854870063,1,15,0.666666666666667,0.833333333333333,"4","4"
"pinc","p3",6805,7169,0,7.79918004290235,4.45660695715254,1,14,0.666666666666667,0.5,"4","1"
"pinc","p4",7178,7534,0,5.46214903526187,4.02191835926911,1,16,0.333333333333333,0.5,"1","1"
"pinc","p5",7535,7899,0,3.01050241671249,1.89376517427426,1,16,0.666666666666667,0.666666666666667,"2","1"
"pinc","p6",7900,8265,0,3.7780030418008,2.35729287465441,1,14,0.666666666666667,0.666666666666667,"2","1"
"pinc","p7",8266,8630,0,2.01569658140348,1.46387190457039,1,13,0.666666666666667,0.666666666666667,"2","1"
"pinc","p8",8631,8995,0,5.53126668312015,3.52945083884671,0.941176470588235,17,0.333333333333333,0.166666666666667,"1","1"
"pomb","p8",3164,3528,0,4.16957247592848,3.5651252042046,0.833333333333333,13,0.666666666666667,0.666666666666667,"2","1"
"prin","p2",3531,3896,0,6.93258545160851,4.40824995063008,0.928571428571429,15,0.666666666666667,0.666666666666667,"2","1"
"prin","p3",3897,4040,1,10.2653274315265,7.34200442667774,0.923076923076923,14,0.333333333333333,0.666666666666667,"3","3"
"quan","p2",5374,5739,0,5.55461188394507,3.96029878415398,0.25,17,0.333333333333333,0.5,"1","1"
"quan","p3",5740,6104,0,5.19095314369918,3.92882218569705,0.3125,17,0.333333333333333,0.833333333333333,"1","2"
"quan","p4",6113,6469,0,4.07689097084544,3.0011493707035,0.375,17,0.666666666666667,0.833333333333333,"2","2"
"quan","p5",6470,6834,0,4.33405225177567,2.94608520372032,0.3125,17,0.666666666666667,0.5,"2","1"
"quan","p6",6835,7200,0,4.81582988743857,3.62343434981989,0.388888888888889,19,0.666666666666667,0.5,"2","1"
"quan","p7",7201,7565,0,4.58411176192425,3.46869032744766,0.421052631578947,20,0.333333333333333,0.333333333333333,"1","1"
"quan","p8",7566,7930,0,2.19537537220356,1.72375296822499,0.428571428571429,22,0.333333333333333,0.333333333333333,"1","1"
"ratc","p3",2770,3134,0,12.6853204012536,8.13907210843887,0.307692307692308,14,0.333333333333333,0.5,"3","3"
"ratc","p4",3143,3499,0,19.2820937949058,13.7385442791861,0.4,16,0.333333333333333,0.333333333333333,"3","3"
"ratc","p5",3500,3556,1,12.7396744991428,6.71640839855913,0.333333333333333,16,0.666666666666667,0.833333333333333,"4","4"
"rave","p6",3184,3549,0,9.88249496832323,7.00658594808725,0.166666666666667,7,0.333333333333333,0.833333333333333,"3","4"
"rave","p7",3550,3914,0,5.92935906855517,4.77293489247325,0.125,9,0.666666666666667,0.666666666666667,"2","1"
"rave","p8",3915,4279,0,6.63858030260363,5.31448172888965,0.222222222222222,10,0.666666666666667,0.833333333333333,"2","4"
"robe","p5",2828,3192,0,7.50966390218588,5.75230571246977,0.4,16,0.666666666666667,0.333333333333333,"4","3"
"robe","p6",3193,3558,0,11.3685423393287,7.66454138696908,0.307692307692308,14,0.666666666666667,0.833333333333333,"4","4"
"robe","p7",3559,3923,0,4.8649213416257,2.99236314269942,0.333333333333333,13,0.333333333333333,0.666666666666667,"1","1"
"robe","p8",3924,4288,0,6.71239571605791,4.7108630755597,0.294117647058824,17,0.666666666666667,0.5,"2","1"
"saph","p8",2759,3123,0,8.04612964943356,5.45111870763269,0.833333333333333,10,0.666666666666667,1,"4","4"
"sauc","p2",4568,4933,0,8.07069431506682,5.56562751273971,0.875,17,0.666666666666667,0.333333333333333,"4","3"
"sauc","p3",4934,5298,0,5.10527447598742,4.08028037504071,0.875,17,0.333333333333333,0.833333333333333,"1","2"
"sauc","p4",5307,5663,0,12.1193537311289,6.64803764047823,0.8125,17,0.666666666666667,0.666666666666667,"4","3"
"sauc","p5",5664,6028,0,7.40974077788202,5.90792799219455,0.875,17,0,0.666666666666667,"3","3"
"sauc","p6",6029,6394,0,11.9561642556671,9.21280773443427,0.888888888888889,19,0.666666666666667,0.666666666666667,"4","3"
"sauc","p7",6395,6759,0,4.61517794115779,3.22571108499011,0.894736842105263,20,0.666666666666667,0.833333333333333,"2","2"
"sauc","p8",6760,7124,0,6.75804958576019,5.43657725338661,0.904761904761905,22,0.666666666666667,0.833333333333333,"2","4"
"sava","p6",2775,3140,0,9.66815642972281,7.21774792860229,0.833333333333333,19,0.333333333333333,0.5,"3","3"
"sava","p7",3141,3505,0,7.29726088951416,5.68772221669099,0.842105263157895,20,0.666666666666667,0.666666666666667,"4","3"
"sava","p8",3506,3870,0,6.77358533992325,4.88983552802482,0.666666666666667,22,0.333333333333333,0.666666666666667,"1","1"
"soft","p2",4585,4950,0,16.1015835697326,10.192299925781,0.333333333333333,16,0.333333333333333,0.5,"3","3"
"soft","p3",4951,5315,0,11.3813561871984,9.32581690424229,0.5,5,0.666666666666667,1,"4","4"
"soft","p4",5324,5680,0,23.4198288178929,23.4198288178929,1,4,1,1,"4","4"
"soft","p5",5681,6045,0,7.4289471806477,7.4289471806477,1,4,1,1,"4","4"
"soft","p6",6046,6411,0,23.8312669743633,23.8312669743633,1,3,1,1,"4","4"
"soft","p7",6412,6776,0,11.3600255250333,11.3600255250333,1,3,0.5,0.5,"3","3"
"soft","p8",6777,7141,0,9.70220276147964,9.70220276147964,1,3,1,1,"4","4"
"spik","p2",6439,6804,0,10.1551858294068,6.7458052002957,0.571428571428571,15,0.333333333333333,0.833333333333333,"3","4"
"spik","p3",6805,7169,0,11.7564365975488,8.31962552321589,0.615384615384615,14,0.333333333333333,0.666666666666667,"3","3"
"spik","p4",7178,7534,0,23.0167123171387,15.0752954353785,0.6,16,0.666666666666667,0.5,"4","3"
"spik","p5",7535,7899,0,8.69639785384914,5.32400398745859,0.6,16,1,0.833333333333333,"4","4"
"spik","p6",7900,8265,0,7.04922970073708,4.89132915330035,0.461538461538462,14,0.666666666666667,0.5,"2","1"
"spik","p7",8266,8630,0,2.30664239061741,1.69002243290209,0.583333333333333,13,0.333333333333333,0.5,"1","1"
"spik","p8",8631,8995,0,6.592164648138,4.90481654271424,0.470588235294118,17,0.666666666666667,0.666666666666667,"2","1"
"spla","p2",3142,3507,0,6.41561502800033,4.07127588950592,0.5,15,0.666666666666667,0.666666666666667,"2","1"
"spla","p3",3508,3872,0,7.42727395516352,4.93444992031708,0.538461538461538,14,0.666666666666667,0.5,"4","1"
"spla","p4",3881,4237,0,7.86417434262755,5.23692789281151,0.666666666666667,16,0.666666666666667,0.666666666666667,"4","3"
"spla","p5",4238,4555,1,5.37536039144775,3.49652647949845,0.466666666666667,16,0.333333333333333,0.5,"1","1"
"sput","p4",2655,3011,0,19.3106863433658,11.5842618938522,0.533333333333333,16,1,0.5,"4","3"
"sput","p5",3012,3376,0,5.0228652549908,3.87778995448195,0.533333333333333,16,0.333333333333333,0.5,"1","1"
"sput","p6",3377,3742,0,5.36478179931511,3.63814918719572,0.538461538461538,14,1,0.833333333333333,"2","2"
"sput","p7",3743,4107,0,2.56700713216887,1.97655763581407,0.416666666666667,13,0.666666666666667,1,"2","2"
"sput","p8",4108,4472,0,4.63807836000015,3.00888146402742,0.411764705882353,17,0.333333333333333,0.5,"1","1"
"tang","p2",4262,4627,0,5.07656399442789,3.70262766057368,0.642857142857143,15,1,0.5,"2","1"
"tang","p3",4628,4992,0,8.49294000188849,6.30964451018292,0.769230769230769,14,0.666666666666667,0.666666666666667,"4","3"
"tang","p4",5001,5357,0,7.7548532292558,5.66306753790161,0.866666666666667,16,0.333333333333333,0.666666666666667,"3","3"
"tang","p5",5358,5722,0,5.12162783937028,3.59648491022465,0.666666666666667,16,0.333333333333333,0.5,"1","1"
"tang","p6",5723,6088,0,4.61273149325169,3.35788424828628,0.692307692307692,14,1,1,"2","2"
"tang","p7",6089,6453,0,2.45986220767139,1.9789212147556,0.666666666666667,13,0.666666666666667,0.833333333333333,"2","2"
"tang","p8",6454,6818,0,4.79782046295276,3.91717595902295,0.529411764705882,17,0.666666666666667,0.333333333333333,"2","1"
"trim","p2",3882,4247,0,3.25855903925344,2.8805781353826,0.4375,17,0.333333333333333,0.5,"1","1"
"trim","p3",4248,4612,0,3.58217234358178,3.06115930891107,0.4375,17,0.666666666666667,0.833333333333333,"2","2"
"trim","p4",4621,4977,0,9.80129565981259,6.398024124649,0.4375,17,0.666666666666667,0.666666666666667,"4","3"
"trim","p5",4978,5342,0,6.67229571984029,4.8886363064684,0.25,17,0.666666666666667,0.833333333333333,"2","2"
"trim","p6",5343,5568,1,5.73207709364238,4.60509512135005,0.555555555555556,19,0.333333333333333,0.5,"1","1"
"tux","p4",2783,3139,0,7.21343120397852,5.19232389345474,0.733333333333333,16,0.666666666666667,0.5,"4","3"
"tux","p5",3140,3504,0,3.87698086072771,2.87559446534813,0.8,16,0.333333333333333,0.833333333333333,"1","2"
"tux","p6",3505,3870,0,4.06182735650051,2.54791252643163,0.615384615384615,14,0.666666666666667,0.666666666666667,"2","1"
"tux","p7",3871,4235,0,1.45530782098256,1.00347133617689,0.5,13,0.666666666666667,0.5,"2","1"
"tux","p8",4236,4600,0,3.3464178402761,2.2798255834392,0.705882352941177,17,0.333333333333333,0.666666666666667,"1","1"
"twin","p2",3481,3846,0,7.95775840562206,5.33261830095469,1,17,0.666666666666667,0.666666666666667,"4","3"
"twin","p3",3847,4211,0,8.58460245449435,5.66314510727949,1,17,0.333333333333333,0.5,"3","3"
"twin","p4",4220,4576,0,9.82377893628957,6.74771155888761,1,17,1,0.833333333333333,"4","4"
"twin","p5",4577,4941,0,6.11379740205878,4.73629156863852,1,17,0.333333333333333,0.666666666666667,"1","1"
"twin","p6",4942,5307,0,6.82737344337243,5.10226617015128,1,19,1,0.666666666666667,"2","1"
"twin","p7",5308,5672,0,2.84460876301422,2.57935250986482,1,20,0.666666666666667,0.666666666666667,"2","1"
"twin","p8",5673,6037,0,5.56011361969102,3.88375965177625,1,22,0.666666666666667,0.833333333333333,"2","2"
